-- phpMyAdmin SQL Dump
-- version 4.1.12
-- http://www.phpmyadmin.net
--
-- Хост: 127.0.0.1
-- Время создания: Май 29 2015 г., 16:39
-- Версия сервера: 5.6.16
-- Версия PHP: 5.5.11

SET SQL_MODE = "NO_AUTO_VALUE_ON_ZERO";
SET time_zone = "+00:00";


/*!40101 SET @OLD_CHARACTER_SET_CLIENT=@@CHARACTER_SET_CLIENT */;
/*!40101 SET @OLD_CHARACTER_SET_RESULTS=@@CHARACTER_SET_RESULTS */;
/*!40101 SET @OLD_COLLATION_CONNECTION=@@COLLATION_CONNECTION */;
/*!40101 SET NAMES utf8 */;

--
-- База данных: `book_catalog`
--

-- --------------------------------------------------------

--
-- Структура таблицы `author`
--

CREATE TABLE IF NOT EXISTS `author` (
  `author_id` int(11) NOT NULL AUTO_INCREMENT,
  `author_name` varchar(50) NOT NULL,
  PRIMARY KEY (`author_id`)
) ENGINE=InnoDB  DEFAULT CHARSET=utf8 AUTO_INCREMENT=12 ;

--
-- Дамп данных таблицы `author`
--

INSERT INTO `author` (`author_id`, `author_name`) VALUES
(1, 'Артур Конан Дойл'),
(2, 'Агата Кристи'),
(3, 'Алан Милн'),
(4, 'Астрид Линдгрен'),
(5, 'Айзек Азимов'),
(6, 'Рэй Брэдбери'),
(7, 'Дж. Рональд Толкин'),
(8, 'Джоан Роулинг'),
(9, 'Стивен Кинг'),
(10, 'Пушкин А. С.');

-- --------------------------------------------------------

--
-- Структура таблицы `author_book`
--

CREATE TABLE IF NOT EXISTS `author_book` (
  `id` int(11) NOT NULL AUTO_INCREMENT,
  `author_id` int(11) NOT NULL,
  `book_id` int(11) NOT NULL,
  PRIMARY KEY (`id`),
  KEY `FK_2` (`author_id`),
  KEY `FK_3` (`book_id`)
) ENGINE=InnoDB  DEFAULT CHARSET=utf8 AUTO_INCREMENT=33 ;

--
-- Дамп данных таблицы `author_book`
--

INSERT INTO `author_book` (`id`, `author_id`, `book_id`) VALUES
(1, 1, 1),
(2, 1, 2),
(3, 2, 5),
(4, 2, 6),
(5, 3, 7),
(6, 3, 8),
(7, 4, 9),
(8, 4, 10),
(9, 5, 11),
(10, 5, 12),
(11, 6, 13),
(12, 6, 14),
(13, 7, 15),
(14, 7, 16),
(15, 8, 17),
(16, 8, 18),
(17, 9, 20),
(18, 9, 21),
(19, 9, 22),
(20, 9, 23),
(21, 9, 24),
(22, 9, 25),
(23, 9, 26),
(24, 10, 27),
(25, 10, 30),
(28, 9, 33);

-- --------------------------------------------------------

--
-- Структура таблицы `books`
--

CREATE TABLE IF NOT EXISTS `books` (
  `book_id` int(11) NOT NULL AUTO_INCREMENT,
  `book_name` varchar(50) NOT NULL,
  `img` varchar(255) NOT NULL DEFAULT 'image.png',
  `price` double DEFAULT NULL,
  `info` text NOT NULL,
  PRIMARY KEY (`book_id`),
  FULLTEXT KEY `fulltext` (`book_name`,`info`)
) ENGINE=InnoDB  DEFAULT CHARSET=utf8 AUTO_INCREMENT=41 ;

--
-- Дамп данных таблицы `books`
--

INSERT INTO `books` (`book_id`, `book_name`, `img`, `price`, `info`) VALUES
(1, 'Приключения Шерлока Холмса', 'image.png', 205, 'Новый сборник А. К. Дойла представляет известные произведения о Шерлоке Холмсе. В сборник вошли: "Скандал в Богемии", "Союз рыжих", "Установление личности", "Тайна Боскомской долины", "Пять зернышек апельсина", "Человек с рассеченной губой", "Голубой карбункул", "Пестрая лента", "Палец инженера", "Знатный холостяк", "Берилловая диадема", "Медные буки".'),
(2, 'Затерянный мир', 'image.png', 115, 'Это первая книга из цикла произведений о профессоре Челленджере. В романе описываются приключения британской экспедиции в Южную Америку. На скалистом недоступном плато (отсылка к столовой горе Рорайма) Челленджер со спутниками (профессором Саммерли, лордом Джоном Рокстоном и репортёром Мэлоуном, от чьего лица ведётся повествование) обнаруживают «затерянный мир» — район, заселённый динозаврами, млекопитающими, человекообезьянами и примитивными людьми каменного века.'),
(5, 'Десять негритят', 'image.png', 120, 'Детективный роман английской писательницы Агаты Кристи, написанный в 1939 году. Британский выпуск продавался в розницу за семь шиллингов и семь пенсов, американский — за 2,00$. Из соображений политкорректности впоследствии печатался под названием «И никого не стало» (And Then There Were None). Писательница считала этот роман своим лучшим произведением и в 1943 году написала по нему пьесу. Роман также является самым продаваемым романом Агаты Кристи: во всём мире продано около ста миллионов экземпляров.'),
(6, 'Мышеловка', 'image.png', 90, 'Детективная пьеса Агаты Кристи, написанная в 1952 году. Состоит из двух действий. Впервые пьеса была поставлена в Вест-Энде Лондона в том же году и успешно идёт по сей день. К настоящему моменту насчитывается более 23 000 спектаклей, что является абсолютным рекордом непрерывности постановок. Пьеса знаменита также неожиданной развязкой. В конце каждого спектакля зрителей просят не рассказывать, чем она заканчивается.'),
(7, 'Винни-Пух и Все-Все-Все', 'image.png', 80, 'Весёлая повесть-сказка известного английского писателя писателя Алана Александра Милна о медвежонке Винни-Пухе и его друзьях.'),
(8, 'Принцесса-Несмеяна', 'image.png', 85, 'У Принцессы-Несмеяны было всё, чего только можно пожелать, только всё равно она оставалась грустной. Королю-отцу горько смотреть на печальную дочь, вот он и сказал, что кто рассмешит его дочь, тот и женится на ней. Сказка Принцесса-Несмеяна расскажет, как просто рассмешил девушку работник.'),
(9, 'Карлсон, который живёт на крыше', 'image.png', 125, 'В городе Стокгольме в лучшем в мире домике на крыше живет лучший в мире Карлсон. В этом совершенно уверен его друг Малыш. Убедитесь в этом сами, прочитав три повести знаменитой шведской писательницы Астрид Линдгрен. Карлсон, толстяк и обжора, всегда весел, полон выдумок и фантазий. Дружба с этим маленьким человечком с пропеллером на спине совершенно изменяет жизнь Малыша.'),
(10, 'Пеппи Длинныйчулок', 'image.png', 135, 'Юмористическая повесть известной шведской писательницы о чудесных путешествиях и забавных приключениях девочки по имени Пеппи Длинныйчулок, у которой было доброе сердце, щедрая душа и слишком горячая голова.'),
(11, 'Я, робот', 'image.png', 145, 'Сборник научно-фантастических рассказов Айзека Азимова, опубликованный в 1950 году американским издательством «Gnome Press» и оказавший большое влияние на современную научно-фантастическую литературу. В данном сборнике впервые были сформулированы Три закона роботехники.'),
(12, 'Двухсотлетний человек', 'image.png', 160, 'Научно-фантастическая повесть Айзека Азимова, опубликованная впервые в журнале «Stellar-2» в 1976 году, и посвящённая роботу NDR, который стремился стать человеком. Повесть входит в цикл историй писателя о роботах. Произведение получило три самые престижные премии в англоязычной фантастике в номинации Лучшая короткая повесть (Best Novellette): Небьюла за 1976 год; Хьюго и Локус в 1977 году.\\r\\n\\r\\nПовесть поднимает проблемы человечности и искусственного интеллекта, рабства и свободы, конформизма и борьбы за свои права, жизни и смерти.'),
(13, '451 градус по Фаренгейту', 'image.png', 140, 'Научно-фантастический роман-антиутопия, изданный в 1953 году.\\r\\n\\r\\nВ эпиграфе романа говорится, что температура воспламенения бумаги — 451 °F (233 °C). В романе описывается общество, которое опирается на массовую культуру и потребительское мышление, в котором все книги, заставляющие задумываться о жизни, подлежат сожжению; хранение книг является преступлением; а люди, способные критически мыслить, оказываются вне закона. Главный герой романа, Гай Монтэг, работает «пожарным» (что в романе подразумевает сожжение книг), будучи уверенным, что выполняет свою работу «на пользу человечества». Но в скором времени он разочаровывается в идеалах общества, частью которого он является, становится изгоем и присоединяется к небольшой подпольной группе маргиналов, сторонники которой заучивают тексты книг, чтобы спасти их для потомков. Этот роман Рэй Брэдбери писал на взятой напрокат пишущей машинке в публичной библиотеке Лос-Анджелеса. В основу текста лёг неизданный рассказ «Пожарный» (1949), а также рассказ «Пешеход». А впервые роман был напечатан частями в первых выпусках журнала Playboy.'),
(14, 'Вино из одуванчиков', 'image.png', 155, 'Вино из одуванчиков» — произведение, выделяющееся среди литературного творчества Рэя Брэдбери личными переживаниями писателя. Это во многом автобиографическая книга, действие которой происходит летом 1928 года в вымышленном городе Грин Таун, штат Иллинойс. Прототипом городка является родной город Брэдбери — Уокиган в том же штате США.'),
(15, 'Властелин колец', 'image.png', 230, 'Роман-эпопея английского писателя Дж. Р. Р. Толкина, самое известное произведение жанра фэнтези. «Властелин колец» был написан как единая книга, но из-за объёма при первом издании его разделили на три части: «Братство Кольца», «Две крепости» и «Возвращение короля». В виде трилогии он публикуется и по сей день, хотя часто в едином томе.\\r\\n\\r\\n«Властелин колец» является одной из самых известных и популярных книг XX века. Он переведён по меньшей мере на 38 языков. Эта книга оказала огромное влияние на литературу в жанре фэнтези, на настольные и компьютерные игры, на кинематограф и вообще на мировую культуру.'),
(16, 'Хоббит, или Туда и обратно', 'image.png', 110, 'Повесть английского писателя Джона Р. Р. Толкина, написанная в жанре фэнтези и впервые опубликованная в 1937 году. Имеет продолжение в виде трилогии «Властелин колец».'),
(17, 'Гарри Поттер и философский камень', 'image.png', 138, 'Первый роман в серии книг про юного волшебника Гарри Поттера, написанный Дж. К. Роулинг. В нём рассказывается, как Гарри узнает, что он волшебник, встречает близких друзей и немало врагов в Школе Чародейства и Волшебства «Хогвартс», а также с помощью своих друзей пресекает попытку возвращения злого волшебника Лорда Волан-де-Морта, который убил родителей Гарри (самому Гарри в тот момент был год от роду).'),
(18, 'Гарри Поттер и Тайная комната', 'image.png', 142, 'Это вторая книга о приключениях Гарри Поттера. Он снова вступает в отчаянную схватку со злом. На этот раз враг его так силен, что надежды на победу почти нет. В Школе чародейства и волшебства "Хогвартс" происходят тревожные события. Кто-то нападает на учеников школы, и преподаватели подозревают, что это таинственное чудовище, которое скрывается в легендарной Тайной комнате. Гарри Поттер и его друзья разгадывают загадку Тайной комнаты, и теперь Гарри снова предстоит сразиться с лордом Волан-де-Мортом. Сумеет ли он победить на этот раз?'),
(20, 'Способный ученик', 'image.png', 180, 'Школьник Тодд хорошо учится, прекрасно ладит с родителями и подрабатывает доставкой газет. Однажды он узнает в одном старике, живущем по соседству, нацистского преступника Курта Дюссандера (он живет под именем Артур Денкер). Заинтересовавшись тематикой концлагерей, пыток и опытов над людьми, Тодд шантажирует старика: Дюссандер должен рассказывать ему о преступлениях нацистов в красках, иначе Тодд выдаст его. Психика подростка в итоге начинает сдавать, и это отражается в том числе на учебе. Старик помогает ему выйти из положения, чтобы обезопасить свою жизнь — Тодд уже дозрел до идеи убить его. Когда Дюссандер с инсультом попадает в больницу, его случайно опознает сосед по палате, бывшая жертва концлагеря. Разоблачение неминуемо, и Тодд окончательно сходит с ума. Он крадет оружие отца, убивает своего классного руководителя, а потом уходит к шоссе, чтобы продолжить расстреливать людей. В итоге его убивает полиция.'),
(21, 'Дети кукурузы', 'image.png', 157, 'Одним прекрасным днём, в тихом городке Гатлин, штат Небраска происходит загадочная вещь — все достигшие 19-летнего возраста юноши и девушки таинственным образом исчезают, а младшие дети, ведомые голосом юного пророка Исаака, убивают своих родителей и всё взрослое население города. Земля была очищена от «неугодных»…'),
(22, 'Куджо', 'image.png', 148, 'Куджо — кличка сенбернара, принадлежащего семье Кэмберов, живущей в городке Касл-Рок. Здесь Джо Кэмбер работает механиком. Во время охоты на полях неподалеку от дома Кэмберов, Куджо был укушен летучей мышью, зараженной бешенством. После заражения, Куджо убивает Гари Первира, соседа Кэмберов. Джо идет к Гари, чтобы подвезти по делам, но находит того мертвым. Куджо убивает и Джо, когда тот пытается дозвониться до полиции. Его жена и сын меж тем гостят у родственников...'),
(23, 'Воспламеняющая взглядом', 'image.png', 152, 'Чарли Макги кажется обычной счастливой девочкой восьми лет, пока что-нибудь не разозлит её или не начнет угрожать её семье. Тогда Чарли меняется: проявляется её унаследованная от родителей смертоносная способность — зажигать силой воли всё, что она пожелает. Спецслужбы хотят использовать девочку и похищают её, убивая при этом мать Чарли. Они хотят контролировать девочку или уничтожить. Её отец не в силах спасти дочь, но Чарли сумеет позаботиться о себе сама.'),
(24, 'Бугимен', 'image.png', 99, 'У Лестера Биллингса было трое детей, которые поочерёдно погибли. На приёме у психолога отец уверенно утверждал, что детей убивал некий Бугимен — монстр из шкафа, часто живущий в воображении детей. И Лестер ждал того дня, когда Бугимен придёт и за ним самим. Несчастный одинокий отец верил, что убийца жил в его шкафу, где он его и поджидал. При этом Лестер сам его до смерти боится.'),
(25, 'Туман', 'image.png', 105, 'Книга американского писателя Стивена Кинга, впервые опубликованная в 1980 году в антологии Dark Forces, и впоследствии вышедшая в авторском сборнике «Команда скелетов» (англ. Skeleton Crew) в 1985 году в слегка отредактированном виде.'),
(26, 'Тайное окно', 'image.png', 165, 'Писатель Морт Рейни живёт в доме на берегу. Ещё недавно у него была жена и карьера писателя, сейчас с женой он встречается только для того, чтобы в очередной раз отказаться подписать документы о разводе. С творчеством у Морта тоже не очень гладко, он начинает писать и тут же стирает написанное. Все дни напролет Морт только спит или смотрит на экран компьютера. Но в этой его размеренной, тоскливой жизни появляется странный человек в черной шляпе. Назвавшись Кокни Шутером, он обвиняет Рейни в плагиате. Морт пытается вспомнить, как он писал названный Шутером рассказ, не мог ли он действительно взять чужую идею...'),
(27, 'Евгений Онегин', 'image.png', 185, 'Роман в стихах Александра Сергеевича Пушкина, написанный в 1823—1831 годах, одно из самых значительных произведений русской словесности.'),
(30, 'Руслан и Людмила', 'image.png', 210, 'Первая законченная поэма Александра Сергеевича Пушкина; волшебная сказка, вдохновлённая древнерусскими былинами.'),
(33, 'Оно', 'image.png', 235, 'В маленьком провинциальном городке Дерри много лет назад семерым подросткам пришлось столкнуться с кромешным ужасом - живым воплощением ада.\r\nПрошли годы... Подростки повзрослели, и ничто, казалось, не предвещало новой беды. Но кошмар прошлого вернулся, неведомая сила повлекла семерых друзей назад, в новую битву со Злом. Ибо в Дерри опять льется кровь и бесследно исчезают люди. Ибо вернулось порождение ночного кошмара, настолько невероятное, что даже не имеет имени...');

-- --------------------------------------------------------

--
-- Структура таблицы `genre`
--

CREATE TABLE IF NOT EXISTS `genre` (
  `genre_id` int(11) NOT NULL AUTO_INCREMENT,
  `genre_name` varchar(50) NOT NULL,
  PRIMARY KEY (`genre_id`)
) ENGINE=InnoDB  DEFAULT CHARSET=utf8 AUTO_INCREMENT=8 ;

--
-- Дамп данных таблицы `genre`
--

INSERT INTO `genre` (`genre_id`, `genre_name`) VALUES
(1, 'Детектив'),
(2, 'Детские'),
(3, 'Фантастика'),
(4, 'Фэнтези'),
(5, 'Триллер'),
(6, 'Поэзия');

-- --------------------------------------------------------

--
-- Структура таблицы `genre_book`
--

CREATE TABLE IF NOT EXISTS `genre_book` (
  `id` int(11) NOT NULL AUTO_INCREMENT,
  `genre_id` int(11) NOT NULL,
  `book_id` int(11) NOT NULL,
  PRIMARY KEY (`id`),
  KEY `FK_4` (`genre_id`),
  KEY `FK_5` (`book_id`)
) ENGINE=InnoDB  DEFAULT CHARSET=utf8 AUTO_INCREMENT=33 ;

--
-- Дамп данных таблицы `genre_book`
--

INSERT INTO `genre_book` (`id`, `genre_id`, `book_id`) VALUES
(1, 1, 1),
(2, 1, 2),
(3, 1, 5),
(4, 1, 6),
(5, 2, 7),
(6, 2, 8),
(7, 2, 9),
(8, 2, 10),
(9, 3, 11),
(10, 3, 12),
(11, 3, 13),
(12, 3, 14),
(13, 4, 15),
(14, 4, 16),
(15, 4, 17),
(16, 4, 18),
(17, 5, 20),
(18, 5, 21),
(19, 5, 22),
(20, 5, 23),
(21, 5, 24),
(22, 5, 25),
(23, 5, 26),
(24, 6, 27),
(25, 6, 30),
(28, 5, 33);

/*!40101 SET CHARACTER_SET_CLIENT=@OLD_CHARACTER_SET_CLIENT */;
/*!40101 SET CHARACTER_SET_RESULTS=@OLD_CHARACTER_SET_RESULTS */;
/*!40101 SET COLLATION_CONNECTION=@OLD_COLLATION_CONNECTION */;
